{
  "clientToken": "b5570ba0-f58a-4b65-b57b-7e8b7070935c",
  "accounts": {
    "e8b7e20ef05e4f579961fe49a9c6b7d3": {
      "username": "dhhhhh",
      "userID": "e8b7e20ef05e4f579961fe49a9c6b7d3",
      "displayName": "dhhhhh",
      "uuid": "e8b7e20ef05e4f579961fe49a9c6b7d3",
      "type": "free",
      "premiumAccount": false
    },
    "aabd2afddfc011eb81a5d45d64bce613": {
      "username": "JuviGamez4365",
      "userID": "JuviGamez4365",
      "displayName": "JuviGamez4365",
      "accessToken": "739c4a76-9315-4dbb-a6c2-0e368253c0ac",
      "uuid": "aabd2afd-dfc0-11eb-81a5-d45d64bce613",
      "type": "tlauncher",
      "premiumAccount": false,
      "profiles": [
        {
          "id": "aabd2afd-dfc0-11eb-81a5-d45d64bce613",
          "name": "JuviGamez4365"
        }
      ],
      "selectedProfile": {
        "id": "aabd2afd-dfc0-11eb-81a5-d45d64bce613",
        "name": "JuviGamez4365"
      }
    }
  },
  "selectedAccountUUID": "aabd2afddfc011eb81a5d45d64bce613",
  "freeAccountUUID": "61684ff445b54d71ba2dbd34ec2406e3"
}