[{"name":"JuviGamez4365","uuid":"aabd2afd-dfc0-11eb-81a5-d45d64bce613","expiresOn":"2023-05-11 21:54:27 +0530"},{"name":"PrestonPlayz","uuid":"2fcddcb1-7ffa-4518-be63-5e7a78c535e1","expiresOn":"2022-06-30 14:22:05 +0530"},{"name":"JuviGamez4365","uuid":"d9b00a16-4ff4-3137-8db4-f468a5d2c696","expiresOn":"2022-06-02 16:01:44 +0530"},{"name":"dhhhhh","uuid":"e8b7e20e-f05e-4f57-9961-fe49a9c6b7d3","expiresOn":"2022-07-17 13:17:40 +0530"},{"name":"Player","uuid":"9f4ead4b-8f9d-ac97-af06-83824aa3c31d","expiresOn":"2022-09-05 18:42:24 +0530"},{"name":"Unspeakable","uuid":"d14f234f-b0aa-47b2-bcf3-94d0111cc8ea","expiresOn":"2022-06-30 14:21:01 +0530"},{"name":"Dream","uuid":"ec70bcaf-702f-4bb8-b48d-276fa52a780c","expiresOn":"2022-06-30 14:21:16 +0530"},{"name":"Player","uuid":"fa2bccaa-16a3-ec62-cea2-6db7c6a7528c","expiresOn":"2022-09-05 18:04:39 +0530"},{"name":"TBNRfrags","uuid":"101a273e-0076-4fc9-a4a2-814c57d2817f","expiresOn":"2022-06-30 14:21:47 +0530"},{"name":"JuviGamez4365","uuid":"1e2e77db-985a-44fa-ae33-248f37a49379","expiresOn":"2022-12-10 14:51:53 +0530"}]