{
  "worlds": [
    {
      "name": "Better Minecraft",
      "source": "C:\\Users\\Ritesh\\AppData\\Roaming\\.minecraft\\versions\\Better Minecraft [FORGE] - 1.16.5 Better Minecraft [FORGE] v57\\saves\\Better Minecraft",
      "destination": "C:\\Users\\Ritesh\\AppData\\Roaming\\.minecraft\\backup\\saves\\modpacks_saves\\Better Minecraft",
      "lastChanged": "2022-08-24T16:36:55",
      "backup": false
    },
    {
      "name": "OneBlock (PLEASE COPY WORLD)",
      "source": "C:\\Users\\Ritesh\\AppData\\Roaming\\.minecraft\\versions\\One Block MC 2.1\\saves\\OneBlock (PLEASE COPY WORLD)",
      "destination": "C:\\Users\\Ritesh\\AppData\\Roaming\\.minecraft\\backup\\saves\\modpacks_saves\\OneBlock (PLEASE COPY WORLD)",
      "lastChanged": "2022-07-12T14:09:41",
      "backup": false
    },
    {
      "name": "New World",
      "source": "C:\\Users\\Ritesh\\AppData\\Roaming\\.minecraft\\versions\\Demon Slayers Unleashed DS_Unleashed-1.5.4\\saves\\New World",
      "destination": "C:\\Users\\Ritesh\\AppData\\Roaming\\.minecraft\\backup\\saves\\modpacks_saves\\New World",
      "lastChanged": "2022-07-12T13:08:10",
      "backup": false
    },
    {
      "name": "3 2 1 GO!",
      "source": "C:\\Users\\Ritesh\\AppData\\Roaming\\.minecraft\\saves\\3 2 1 GO!",
      "destination": "C:\\Users\\Ritesh\\AppData\\Roaming\\.minecraft\\backup\\saves\\saves\\3 2 1 GO!",
      "lastChanged": "2023-02-24T23:34:53",
      "backup": false
    },
    {
      "name": "New World",
      "source": "C:\\Users\\Ritesh\\AppData\\Roaming\\.minecraft\\saves\\New World",
      "destination": "C:\\Users\\Ritesh\\AppData\\Roaming\\.minecraft\\backup\\saves\\saves\\New World",
      "lastChanged": "2023-03-27T18:43:01",
      "backup": false
    },
    {
      "name": "Impossible To DIE",
      "source": "C:\\Users\\Ritesh\\AppData\\Roaming\\.minecraft\\saves\\Impossible To DIE",
      "destination": "C:\\Users\\Ritesh\\AppData\\Roaming\\.minecraft\\backup\\saves\\saves\\Impossible To DIE",
      "lastChanged": "2023-04-06T20:02:54",
      "backup": false
    },
    {
      "name": "New World (1)",
      "source": "C:\\Users\\Ritesh\\AppData\\Roaming\\.minecraft\\saves\\New World (1)",
      "destination": "C:\\Users\\Ritesh\\AppData\\Roaming\\.minecraft\\backup\\saves\\saves\\New World (1)",
      "lastChanged": "2023-03-27T21:19:16",
      "backup": false
    },
    {
      "name": "New Worldswswsdwassddadawwdwawd",
      "source": "C:\\Users\\Ritesh\\AppData\\Roaming\\.minecraft\\saves\\New Worldswswsdwassddadawwdwawd",
      "destination": "C:\\Users\\Ritesh\\AppData\\Roaming\\.minecraft\\backup\\saves\\saves\\New Worldswswsdwassddadawwdwawd",
      "lastChanged": "2023-03-29T11:04:49",
      "backup": false
    },
    {
      "name": "InVInCommandBreak my mod",
      "source": "C:\\Users\\Ritesh\\AppData\\Roaming\\.minecraft\\saves\\InVInCommandBreak my mod",
      "destination": "C:\\Users\\Ritesh\\AppData\\Roaming\\.minecraft\\backup\\saves\\saves\\InVInCommandBreak my mod",
      "lastChanged": "2023-04-12T00:32:01",
      "backup": false
    },
    {
      "name": "1_20",
      "source": "C:\\Users\\Ritesh\\AppData\\Roaming\\.minecraft\\saves\\1_20",
      "destination": "C:\\Users\\Ritesh\\AppData\\Roaming\\.minecraft\\backup\\saves\\saves\\1_20",
      "lastChanged": "2023-04-11T19:18:13",
      "backup": false
    },
    {
      "name": "1_20 2nd try",
      "source": "C:\\Users\\Ritesh\\AppData\\Roaming\\.minecraft\\saves\\1_20 2nd try",
      "destination": "C:\\Users\\Ritesh\\AppData\\Roaming\\.minecraft\\backup\\saves\\saves\\1_20 2nd try",
      "lastChanged": "2023-04-11T19:34:49",
      "backup": false
    }
  ]
}